month,revenue_eur,shipments_processed,avg_revenue_per_shipment_eur,market
2016-01-01,534245.71,23862,22.389,consolidated
2016-02-01,445676.45,17846,24.9735,consolidated
2016-03-01,498897.22,17974,27.7566,consolidated
2016-04-01,533579.26,20633,25.8605,consolidated
2016-05-01,500661.91,22248,22.5037,consolidated
2016-06-01,513281.5,18824,27.2674,consolidated
2016-07-01,527480.99,20112,26.2272,consolidated
2016-08-01,517057.54,25506,20.272,consolidated
2016-09-01,522838.41,28052,18.6382,consolidated
2016-10-01,537036.82,22085,24.3168,consolidated
2016-11-01,689420.56,31999,21.5451,consolidated
2016-12-01,700476.3,26010,26.931,consolidated
2017-01-01,582578.78,29207,19.9465,consolidated
2017-02-01,496893.13,26949,18.4383,consolidated
2017-03-01,547205.13,22038,24.8301,consolidated
2017-04-01,580673.12,20982,27.6748,consolidated
2017-05-01,556927.78,25659,21.705,consolidated
2017-06-01,565074.42,28403,19.8949,consolidated
2017-07-01,545823.95,23985,22.7569,consolidated
2017-08-01,551321.22,22322,24.6986,consolidated
2017-09-01,563237.77,21394,26.3269,consolidated
2017-10-01,578151.03,27370,21.1235,consolidated
2017-11-01,755672.49,29011,26.0478,consolidated
2017-12-01,730462.27,34978,20.8835,consolidated
2018-01-01,594458.16,30646,19.3976,consolidated
2018-02-01,519588.24,28748,18.0739,consolidated
2018-03-01,600554.76,24365,24.6483,consolidated
2018-04-01,595781.64,23086,25.8071,consolidated
2018-05-01,581405.49,24545,23.6873,consolidated
2018-06-01,562775.2,29395,19.1453,consolidated
2018-07-01,593635.43,26139,22.7107,consolidated
2018-08-01,587612.51,22909,25.6499,consolidated
2018-09-01,591668.91,25139,23.5359,consolidated
2018-10-01,587260.54,27912,21.0397,consolidated
2018-11-01,731554.16,32707,22.3669,consolidated
2018-12-01,742282.54,33610,22.0852,consolidated
2019-01-01,658835.04,32392,20.3394,consolidated
2019-02-01,570856.69,27427,20.8137,consolidated
2019-03-01,623211.77,25314,24.6193,consolidated
2019-04-01,639975.58,24768,25.8388,consolidated
2019-05-01,646802.39,29315,22.0639,consolidated
2019-06-01,656328.93,33367,19.67,consolidated
2019-07-01,605974.32,32061,18.9007,consolidated
2019-08-01,650496.12,28759,22.6189,consolidated
2019-09-01,614791.51,26718,23.0104,consolidated
2019-10-01,614221.37,24605,24.9633,consolidated
2019-11-01,823823.94,37772,21.8104,consolidated
2019-12-01,814619.56,33520,24.3025,consolidated
2020-01-01,646379.44,34243,18.8763,consolidated
2020-02-01,586025.81,21218,27.6193,consolidated
2020-03-01,682216.63,27292,24.9969,consolidated
2020-04-01,640091.01,23115,27.6916,consolidated
2020-05-01,673707.11,26767,25.1693,consolidated
2020-06-01,652117.72,31469,20.7225,consolidated
2020-07-01,628982.73,23273,27.0263,consolidated
2020-08-01,652538.17,32588,20.0239,consolidated
2020-09-01,642718.43,27014,23.792,consolidated
2020-10-01,634251.25,23874,26.5666,consolidated
2020-11-01,869012.1,34492,25.1946,consolidated
2020-12-01,847616.9,34920,24.2731,consolidated
2021-01-01,720434.24,29407,24.4987,consolidated
2021-02-01,639966.99,28882,22.158,consolidated
2021-03-01,681677.78,29716,22.9398,consolidated
2021-04-01,702270.9,36115,19.4454,consolidated
2021-05-01,686092.13,28735,23.8765,consolidated
2021-06-01,690892.36,25353,27.2509,consolidated
2021-07-01,720217.28,33547,21.4689,consolidated
2021-08-01,720921.3,39550,18.2281,consolidated
2021-09-01,747186.72,32738,22.8232,consolidated
2021-10-01,734625.4,39019,18.8274,consolidated
2021-11-01,927800.71,40503,22.907,consolidated
2021-12-01,960033.34,40478,23.7174,consolidated
2022-01-01,733908.03,35506,20.67,consolidated
2022-02-01,650073.56,28012,23.207,consolidated
2022-03-01,731363.59,40149,18.2162,consolidated
2022-04-01,759869.32,28183,26.962,consolidated
2022-05-01,709386.25,30135,23.5403,consolidated
2022-06-01,707055.54,28600,24.7222,consolidated
2022-07-01,719760.73,29265,24.5946,consolidated
2022-08-01,752562.44,29298,25.6865,consolidated
2022-09-01,706994.11,26031,27.1597,consolidated
2022-10-01,716006.4,38968,18.3742,consolidated
2022-11-01,960652.86,44251,21.7092,consolidated
2022-12-01,980884.36,37607,26.0825,consolidated
2023-01-01,787419.1,28603,27.5292,consolidated
2023-02-01,710210.46,30678,23.1505,consolidated
2023-03-01,782512.43,28600,27.3606,consolidated
2023-04-01,775184.79,42017,18.4493,consolidated
2023-05-01,796880.36,28538,27.9235,consolidated
2023-06-01,833502.03,32704,25.4862,consolidated
2023-07-01,833431.06,30943,26.9344,consolidated
2023-08-01,803598.74,37979,21.159,consolidated
2023-09-01,823903.88,33469,24.6169,consolidated
2023-10-01,791952.4,41803,18.9449,consolidated
2023-11-01,1062506.63,51516,20.6248,consolidated
2023-12-01,1077748.15,52806,20.4096,consolidated
2024-01-01,794982.91,30215,26.3109,consolidated
2024-02-01,737202.07,37246,19.7928,consolidated
2024-03-01,834359.22,31196,26.7457,consolidated
2024-04-01,801069.71,37960,21.103,consolidated
2024-05-01,849066.49,30632,27.7183,consolidated
2024-06-01,826209.95,42503,19.4389,consolidated
2024-07-01,785992.63,38725,20.2968,consolidated
2024-08-01,795731.76,32116,24.7768,consolidated
2024-09-01,794906.46,34466,23.0635,consolidated
2024-10-01,842197.69,35370,23.8111,consolidated
2024-11-01,1049190.34,40290,26.041,consolidated
2024-12-01,1091789.17,43001,25.3899,consolidated
2025-01-01,867278.78,45083,19.2374,consolidated
2025-02-01,768688.29,34979,21.9757,consolidated
2025-03-01,882577.49,38564,22.886,consolidated
2025-04-01,915168.06,33211,27.5562,consolidated
2025-05-01,881271.54,32343,27.2477,consolidated
2025-06-01,857715.6,36418,23.552,consolidated
2025-07-01,912566.59,47881,19.0591,consolidated
2025-08-01,868114.61,39120,22.1911,consolidated
2025-09-01,942486.39,39335,23.9605,consolidated
2025-10-01,939495.94,36074,26.0436,consolidated
2025-11-01,1167715.44,45177,25.8476,consolidated
2025-12-01,1127233.84,59044,19.0914,consolidated
